<?xml version="1.0" encoding="UTF-8" standalone="no"?>
<experiments>
	<runner initialSetPerComponent="yes" name="ant" useInitialMapping="no">
		<initialSetSize base="0.5" scale="0.5"/>
		<metrics>
			<metric name="rand"/>
		</metrics>
		<systems>
			<system file="data\systems\ant\ant.sysmdl" file_separator="\" name="ant"/>
		</systems>
		<experiments>
			<experiment name="CAttract" type="hugme" useManualMapping="no">
				<omega base="0.5" scale="0.5"/>
				<phi base="0.5" scale="0.5"/>
				<dependencyweights>
					<Extends base="1.0" scale="0.0"/>
					<Implements base="0.75" scale="0.0"/>
					<Field base="0.0" scale="0.0"/>
					<Argument base="0.0" scale="0.0"/>
					<Returns base="0.0" scale="0.0"/>
					<LocalVar base="0.0" scale="0.0"/>
					<MethodCall base="0.0" scale="0.0"/>
					<ConstructorCall base="0.0" scale="0.0"/>
					<OwnFieldUse base="0.0" scale="0.0"/>
					<FieldUse base="0.5" scale="0.0"/>
					<Throws base="0.0" scale="0.0"/>
					<Unknown base="0.0" scale="0.0"/>
				</dependencyweights>
				<plot_color w="1.0" x="0.92156863" y="0.18973473" z="0.18973473"/>
			</experiment>
			<experiment name="NBAttract" type="nbmapper" useManualMapping="no">
				<threshold base="0.9" scale="0.0"/>
				<wordcount random="no" value="no"/>
				<irbase>
					<stemming random="no" value="yes"/>
					<archcomponentname random="no" value="yes"/>
					<cda random="yes" value="no"/>
					<nodename random="no" value="yes"/>
					<nodetext random="no" value="yes"/>
					<minwordlength max="3" min="3"/>
				</irbase>
				<plot_color w="1.0" x="0.8604722" y="0.88235295" z="0.1384083"/>
			</experiment>
			<experiment name="IRAttract" type="irattract" useManualMapping="no">
				<irbase>
					<stemming random="no" value="yes"/>
					<archcomponentname random="no" value="yes"/>
					<cda random="yes" value="no"/>
					<nodename random="no" value="yes"/>
					<nodetext random="no" value="yes"/>
					<minwordlength max="3" min="3"/>
				</irbase>
				<plot_color w="1.0" x="0.1384083" y="0.88235295" z="0.20405036"/>
			</experiment>
			<experiment name="LSIAttract" type="lsiattract" useManualMapping="no">
				<irbase>
					<stemming random="no" value="yes"/>
					<archcomponentname random="no" value="yes"/>
					<cda random="yes" value="no"/>
					<nodename random="no" value="yes"/>
					<nodetext random="no" value="yes"/>
					<minwordlength max="3" min="3"/>
				</irbase>
				<plot_color w="1.0" x="0.45455474" y="0.38446748" z="0.98039216"/>
			</experiment>
		</experiments>
	</runner>
	<runner initialSetPerComponent="yes" name="argouml" useInitialMapping="no">
		<initialSetSize base="0.5" scale="0.5"/>
		<metrics>
			<metric name="rand"/>
		</metrics>
		<systems>
			<system file="data\systems\argouml\argouml.sysmdl" file_separator="\" name="ArgoUML"/>
		</systems>
		<experiments>
			<experiment name="CAttract" type="hugme" useManualMapping="no">
				<omega base="0.5" scale="0.5"/>
				<phi base="0.5" scale="0.5"/>
				<dependencyweights>
					<Extends base="0.5" scale="0.0"/>
					<Implements base="0.75" scale="0.0"/>
					<Field base="0.25" scale="0.0"/>
					<Argument base="0.25" scale="0.0"/>
					<Returns base="0.75" scale="0.0"/>
					<LocalVar base="0.25" scale="0.0"/>
					<MethodCall base="0.0" scale="0.0"/>
					<ConstructorCall base="1.0" scale="0.0"/>
					<OwnFieldUse base="0.0" scale="0.0"/>
					<FieldUse base="0.0" scale="0.0"/>
					<Throws base="0.5" scale="0.0"/>
					<Unknown base="0.0" scale="0.0"/>
				</dependencyweights>
				<plot_color w="1.0" x="0.92156863" y="0.18973473" z="0.18973473"/>
			</experiment>
			<experiment name="NBAttract" type="nbmapper" useManualMapping="no">
				<threshold base="0.9" scale="0.0"/>
				<wordcount random="no" value="no"/>
				<irbase>
					<stemming random="no" value="yes"/>
					<archcomponentname random="no" value="yes"/>
					<cda random="yes" value="no"/>
					<nodename random="no" value="yes"/>
					<nodetext random="no" value="yes"/>
					<minwordlength max="3" min="3"/>
				</irbase>
				<plot_color w="1.0" x="0.8604722" y="0.88235295" z="0.1384083"/>
			</experiment>
			<experiment name="IRAttract" type="irattract" useManualMapping="no">
				<irbase>
					<stemming random="no" value="yes"/>
					<archcomponentname random="no" value="yes"/>
					<cda random="yes" value="no"/>
					<nodename random="no" value="yes"/>
					<nodetext random="no" value="yes"/>
					<minwordlength max="3" min="3"/>
				</irbase>
				<plot_color w="1.0" x="0.1384083" y="0.88235295" z="0.20405036"/>
			</experiment>
			<experiment name="LSIAttract" type="lsiattract" useManualMapping="no">
				<irbase>
					<stemming random="no" value="yes"/>
					<archcomponentname random="no" value="yes"/>
					<cda random="yes" value="no"/>
					<nodename random="no" value="yes"/>
					<nodetext random="no" value="yes"/>
					<minwordlength max="3" min="3"/>
				</irbase>
				<plot_color w="1.0" x="0.45455474" y="0.38446748" z="0.98039216"/>
			</experiment>
		</experiments>
	</runner>
	<runner initialSetPerComponent="yes" name="apache" useInitialMapping="no">
		<initialSetSize base="0.5" scale="0.5"/>
		<metrics>
			<metric name="rand"/>
		</metrics>
		<systems>
			<system file="data\systems\commons-imaging\commons-imaging.sysmdl" file_separator="\" name="Apache"/>
		</systems>
		<experiments>
			<experiment name="CAttract" type="hugme" useManualMapping="no">
				<omega base="0.5" scale="0.5"/>
				<phi base="0.5" scale="0.5"/>
				<dependencyweights>
					<Extends base="0.5" scale="0.0"/>
					<Implements base="1.0" scale="0.0"/>
					<Field base="0.0" scale="0.0"/>
					<Argument base="0.25" scale="0.0"/>
					<Returns base="0.25" scale="0.0"/>
					<LocalVar base="0.0" scale="0.0"/>
					<MethodCall base="0.0" scale="0.0"/>
					<ConstructorCall base="0.0" scale="0.0"/>
					<OwnFieldUse base="0.0" scale="0.0"/>
					<FieldUse base="0.75" scale="0.0"/>
					<Throws base="0.0" scale="0.0"/>
					<Unknown base="0.0" scale="0.0"/>
				</dependencyweights>
				<plot_color w="1.0" x="0.92156863" y="0.18973473" z="0.18973473"/>
			</experiment>
			<experiment name="NBAttract" type="nbmapper" useManualMapping="no">
				<threshold base="0.9" scale="0.0"/>
				<wordcount random="no" value="no"/>
				<irbase>
					<stemming random="no" value="yes"/>
					<archcomponentname random="no" value="yes"/>
					<cda random="yes" value="no"/>
					<nodename random="no" value="yes"/>
					<nodetext random="no" value="yes"/>
					<minwordlength max="3" min="3"/>
				</irbase>
				<plot_color w="1.0" x="0.8604722" y="0.88235295" z="0.1384083"/>
			</experiment>
			<experiment name="IRAttract" type="irattract" useManualMapping="no">
				<irbase>
					<stemming random="no" value="yes"/>
					<archcomponentname random="no" value="yes"/>
					<cda random="yes" value="no"/>
					<nodename random="no" value="yes"/>
					<nodetext random="no" value="yes"/>
					<minwordlength max="3" min="3"/>
				</irbase>
				<plot_color w="1.0" x="0.1384083" y="0.88235295" z="0.20405036"/>
			</experiment>
			<experiment name="LSIAttract" type="lsiattract" useManualMapping="no">
				<irbase>
					<stemming random="no" value="yes"/>
					<archcomponentname random="no" value="yes"/>
					<cda random="yes" value="no"/>
					<nodename random="no" value="yes"/>
					<nodetext random="no" value="yes"/>
					<minwordlength max="3" min="3"/>
				</irbase>
				<plot_color w="1.0" x="0.45455474" y="0.38446748" z="0.98039216"/>
			</experiment>
		</experiments>
	</runner>
	<runner initialSetPerComponent="yes" name="lucene" useInitialMapping="no">
		<initialSetSize base="0.5" scale="0.5"/>
		<metrics>
			<metric name="rand"/>
		</metrics>
		<systems>
			<system file="data\systems\lucene\lucene.sysmdl" file_separator="\" name="lucene"/>
		</systems>
		<experiments>
			<experiment name="CAttract" type="hugme" useManualMapping="no">
				<omega base="0.5" scale="0.5"/>
				<phi base="0.5" scale="0.5"/>
				<dependencyweights>
					<Extends base="1.0" scale="0.0"/>
					<Implements base="1.0" scale="0.0"/>
					<Field base="0.0" scale="0.0"/>
					<Argument base="0.0" scale="0.0"/>
					<Returns base="0.25" scale="0.0"/>
					<LocalVar base="0.5" scale="0.0"/>
					<MethodCall base="0.0" scale="0.0"/>
					<ConstructorCall base="0.75" scale="0.0"/>
					<OwnFieldUse base="0.0" scale="0.0"/>
					<FieldUse base="0.25" scale="0.0"/>
					<Throws base="1.0" scale="0.0"/>
					<Unknown base="0.0" scale="0.0"/>
				</dependencyweights>
				<plot_color w="1.0" x="0.92156863" y="0.18973473" z="0.18973473"/>
			</experiment>
			<experiment name="NBAttract" type="nbmapper" useManualMapping="no">
				<threshold base="0.9" scale="0.0"/>
				<wordcount random="no" value="no"/>
				<irbase>
					<stemming random="no" value="yes"/>
					<archcomponentname random="no" value="yes"/>
					<cda random="yes" value="no"/>
					<nodename random="no" value="yes"/>
					<nodetext random="no" value="yes"/>
					<minwordlength max="3" min="3"/>
				</irbase>
				<plot_color w="1.0" x="0.8604722" y="0.88235295" z="0.1384083"/>
			</experiment>
			<experiment name="IRAttract" type="irattract" useManualMapping="no">
				<irbase>
					<stemming random="no" value="yes"/>
					<archcomponentname random="no" value="yes"/>
					<cda random="yes" value="no"/>
					<nodename random="no" value="yes"/>
					<nodetext random="no" value="yes"/>
					<minwordlength max="3" min="3"/>
				</irbase>
				<plot_color w="1.0" x="0.1384083" y="0.88235295" z="0.20405036"/>
			</experiment>
			<experiment name="LSIAttract" type="lsiattract" useManualMapping="no">
				<irbase>
					<stemming random="no" value="yes"/>
					<archcomponentname random="no" value="yes"/>
					<cda random="yes" value="no"/>
					<nodename random="no" value="yes"/>
					<nodetext random="no" value="yes"/>
					<minwordlength max="3" min="3"/>
				</irbase>
				<plot_color w="1.0" x="0.45455474" y="0.38446748" z="0.98039216"/>
			</experiment>
		</experiments>
	</runner>
	<runner initialSetPerComponent="yes" name="prom" useInitialMapping="no">
		<initialSetSize base="0.5" scale="0.5"/>
		<metrics>
			<metric name="rand"/>
		</metrics>
		<systems>
			<system file="data\systems\ProM6.9\ProM_6_9.sysmdl" file_separator="\" name="ProM6.9"/>
		</systems>
		<experiments>
			<experiment name="CAttract" type="hugme" useManualMapping="no">
				<omega base="0.5" scale="0.5"/>
				<phi base="0.5" scale="0.5"/>
				<dependencyweights>
					<Extends base="0.25" scale="0.0"/>
					<Implements base="0.5" scale="0.0"/>
					<Field base="0.25" scale="0.0"/>
					<Argument base="0.25" scale="0.0"/>
					<Returns base="0.25" scale="0.0"/>
					<LocalVar base="0.0" scale="0.0"/>
					<MethodCall base="0.0" scale="0.0"/>
					<ConstructorCall base="1.0" scale="0.0"/>
					<OwnFieldUse base="0.0" scale="0.0"/>
					<FieldUse base="0.0" scale="0.0"/>
					<Throws base="1.0" scale="0.0"/>
					<Unknown base="0.0" scale="0.0"/>
				</dependencyweights>
				<plot_color w="1.0" x="0.92156863" y="0.18973473" z="0.18973473"/>
			</experiment>
			<experiment name="NBAttract" type="nbmapper" useManualMapping="no">
				<threshold base="0.9" scale="0.0"/>
				<wordcount random="no" value="no"/>
				<irbase>
					<stemming random="no" value="yes"/>
					<archcomponentname random="no" value="yes"/>
					<cda random="yes" value="no"/>
					<nodename random="no" value="yes"/>
					<nodetext random="no" value="yes"/>
					<minwordlength max="3" min="3"/>
				</irbase>
				<plot_color w="1.0" x="0.8604722" y="0.88235295" z="0.1384083"/>
			</experiment>
			<experiment name="IRAttract" type="irattract" useManualMapping="no">
				<irbase>
					<stemming random="no" value="yes"/>
					<archcomponentname random="no" value="yes"/>
					<cda random="yes" value="no"/>
					<nodename random="no" value="yes"/>
					<nodetext random="no" value="yes"/>
					<minwordlength max="3" min="3"/>
				</irbase>
				<plot_color w="1.0" x="0.1384083" y="0.88235295" z="0.20405036"/>
			</experiment>
			<experiment name="LSIAttract" type="lsiattract" useManualMapping="no">
				<irbase>
					<stemming random="no" value="yes"/>
					<archcomponentname random="no" value="yes"/>
					<cda random="yes" value="no"/>
					<nodename random="no" value="yes"/>
					<nodetext random="no" value="yes"/>
					<minwordlength max="3" min="3"/>
				</irbase>
				<plot_color w="1.0" x="0.45455474" y="0.38446748" z="0.98039216"/>
			</experiment>
		</experiments>
	</runner>
	<runner initialSetPerComponent="yes" name="jabref" useInitialMapping="no">
		<initialSetSize base="0.5" scale="0.5"/>
		<metrics>
			<metric name="rand"/>
		</metrics>
		<systems>
			<system file="data\systems\JabRef\3.7\jabref-3_7.sysmdl" file_separator="\" name="JabRef_37_1"/>
		</systems>
		<experiments>
			<experiment name="CAttract" type="hugme" useManualMapping="no">
				<omega base="0.5" scale="0.5"/>
				<phi base="0.5" scale="0.5"/>
				<dependencyweights>
					<Extends base="1.0" scale="0.0"/>
					<Implements base="1.0" scale="0.0"/>
					<Field base="0.0" scale="0.0"/>
					<Argument base="0.0" scale="0.0"/>
					<Returns base="0.25" scale="0.0"/>
					<LocalVar base="0.0" scale="0.0"/>
					<MethodCall base="0.0" scale="0.0"/>
					<ConstructorCall base="0.75" scale="0.0"/>
					<OwnFieldUse base="0.0" scale="0.0"/>
					<FieldUse base="0.0" scale="0.0"/>
					<Throws base="0.5" scale="0.0"/>
					<Unknown base="0.0" scale="0.0"/>
				</dependencyweights>
				<plot_color w="1.0" x="0.92156863" y="0.18973473" z="0.18973473"/>
			</experiment>
			<experiment name="NBAttract" type="nbmapper" useManualMapping="no">
				<threshold base="0.9" scale="0.0"/>
				<wordcount random="no" value="no"/>
				<irbase>
					<stemming random="no" value="yes"/>
					<archcomponentname random="no" value="yes"/>
					<cda random="yes" value="no"/>
					<nodename random="no" value="yes"/>
					<nodetext random="no" value="yes"/>
					<minwordlength max="3" min="3"/>
				</irbase>
				<plot_color w="1.0" x="0.8604722" y="0.88235295" z="0.1384083"/>
			</experiment>
			<experiment name="IRAttract" type="irattract" useManualMapping="no">
				<irbase>
					<stemming random="no" value="yes"/>
					<archcomponentname random="no" value="yes"/>
					<cda random="yes" value="no"/>
					<nodename random="no" value="yes"/>
					<nodetext random="no" value="yes"/>
					<minwordlength max="3" min="3"/>
				</irbase>
				<plot_color w="1.0" x="0.1384083" y="0.88235295" z="0.20405036"/>
			</experiment>
			<experiment name="LSIAttract" type="lsiattract" useManualMapping="no">
				<irbase>
					<stemming random="no" value="yes"/>
					<archcomponentname random="no" value="yes"/>
					<cda random="yes" value="no"/>
					<nodename random="no" value="yes"/>
					<nodetext random="no" value="yes"/>
					<minwordlength max="3" min="3"/>
				</irbase>
				<plot_color w="1.0" x="0.45455474" y="0.38446748" z="0.98039216"/>
			</experiment>
		</experiments>
	</runner>
	<runner initialSetPerComponent="yes" name="sh3d" useInitialMapping="no">
		<initialSetSize base="0.5" scale="0.5"/>
		<metrics>
			<metric name="rand"/>
		</metrics>
		<systems>
			<system file="data\systems\sweethome3d\sweethome3d.sysmdl" file_separator="\" name="sweethome3d"/>
		</systems>
		<experiments>
			<experiment name="CAttract" type="hugme" useManualMapping="no">
				<omega base="0.5" scale="0.5"/>
				<phi base="0.5" scale="0.5"/>
				<dependencyweights>
					<Extends base="0.75" scale="0.0"/>
					<Implements base="0.0" scale="0.0"/>
					<Field base="0.0" scale="0.0"/>
					<Argument base="0.0" scale="0.0"/>
					<Returns base="0.75" scale="0.0"/>
					<LocalVar base="0.5" scale="0.0"/>
					<MethodCall base="0.0" scale="0.0"/>
					<ConstructorCall base="0.75" scale="0.0"/>
					<OwnFieldUse base="0.0" scale="0.0"/>
					<FieldUse base="0.0" scale="0.0"/>
					<Throws base="0.25" scale="0.0"/>
					<Unknown base="0.0" scale="0.0"/>
				</dependencyweights>
				<plot_color w="1.0" x="0.92156863" y="0.18973473" z="0.18973473"/>
			</experiment>
			<experiment name="NBAttract" type="nbmapper" useManualMapping="no">
				<threshold base="0.9" scale="0.0"/>
				<wordcount random="no" value="no"/>
				<irbase>
					<stemming random="no" value="yes"/>
					<archcomponentname random="no" value="yes"/>
					<cda random="yes" value="no"/>
					<nodename random="no" value="yes"/>
					<nodetext random="no" value="yes"/>
					<minwordlength max="3" min="3"/>
				</irbase>
				<plot_color w="1.0" x="0.8604722" y="0.88235295" z="0.1384083"/>
			</experiment>
			<experiment name="IRAttract" type="irattract" useManualMapping="no">
				<irbase>
					<stemming random="no" value="yes"/>
					<archcomponentname random="no" value="yes"/>
					<cda random="yes" value="no"/>
					<nodename random="no" value="yes"/>
					<nodetext random="no" value="yes"/>
					<minwordlength max="3" min="3"/>
				</irbase>
				<plot_color w="1.0" x="0.1384083" y="0.88235295" z="0.20405036"/>
			</experiment>
			<experiment name="LSIAttract" type="lsiattract" useManualMapping="no">
				<irbase>
					<stemming random="no" value="yes"/>
					<archcomponentname random="no" value="yes"/>
					<cda random="yes" value="no"/>
					<nodename random="no" value="yes"/>
					<nodetext random="no" value="yes"/>
					<minwordlength max="3" min="3"/>
				</irbase>
				<plot_color w="1.0" x="0.45455474" y="0.38446748" z="0.98039216"/>
			</experiment>
		</experiments>
	</runner>
	<runner initialSetPerComponent="yes" name="teammates" useInitialMapping="no">
		<initialSetSize base="0.5" scale="0.5"/>
		<metrics>
			<metric name="rand"/>
		</metrics>
		<systems>
			<system file="data\systems\teammates\teammates.sysmdl" file_separator="\" name="TeamMates"/>
		</systems>
		<experiments>
			<experiment name="CAttract" type="hugme" useManualMapping="no">
				<omega base="0.5" scale="0.5"/>
				<phi base="0.5" scale="0.5"/>
				<dependencyweights>
					<Extends base="1.0" scale="0.0"/>
					<Implements base="0.0" scale="0.0"/>
					<Field base="0.0" scale="0.0"/>
					<Argument base="0.0" scale="0.0"/>
					<Returns base="0.0" scale="0.0"/>
					<LocalVar base="0.0" scale="0.0"/>
					<MethodCall base="0.0" scale="0.0"/>
					<ConstructorCall base="0.0" scale="0.0"/>
					<OwnFieldUse base="0.0" scale="0.0"/>
					<FieldUse base="0.0" scale="0.0"/>
					<Throws base="0.0" scale="0.0"/>
					<Unknown base="0.0" scale="0.0"/>
				</dependencyweights>
				<plot_color w="1.0" x="0.92156863" y="0.18973473" z="0.18973473"/>
			</experiment>
			<experiment name="NBAttract" type="nbmapper" useManualMapping="no">
				<threshold base="0.9" scale="0.0"/>
				<wordcount random="no" value="no"/>
				<irbase>
					<stemming random="no" value="yes"/>
					<archcomponentname random="no" value="yes"/>
					<cda random="yes" value="no"/>
					<nodename random="no" value="yes"/>
					<nodetext random="no" value="yes"/>
					<minwordlength max="3" min="3"/>
				</irbase>
				<plot_color w="1.0" x="0.8604722" y="0.88235295" z="0.1384083"/>
			</experiment>
			<experiment name="IRAttract" type="irattract" useManualMapping="no">
				<irbase>
					<stemming random="no" value="yes"/>
					<archcomponentname random="no" value="yes"/>
					<cda random="yes" value="no"/>
					<nodename random="no" value="yes"/>
					<nodetext random="no" value="yes"/>
					<minwordlength max="3" min="3"/>
				</irbase>
				<plot_color w="1.0" x="0.1384083" y="0.88235295" z="0.20405036"/>
			</experiment>
			<experiment name="LSIAttract" type="lsiattract" useManualMapping="no">
				<irbase>
					<stemming random="no" value="yes"/>
					<archcomponentname random="no" value="yes"/>
					<cda random="yes" value="no"/>
					<nodename random="no" value="yes"/>
					<nodetext random="no" value="yes"/>
					<minwordlength max="3" min="3"/>
				</irbase>
				<plot_color w="1.0" x="0.45455474" y="0.38446748" z="0.98039216"/>
			</experiment>
		</experiments>
	</runner>
</experiments>